SID,Label
Sbj1,NaN
Sbj2,NaN
Sbj3,NaN
Sbj4,NaN
Sbj5,NaN
Sbj6,NaN
Sbj7,NaN
Sbj8,NaN
Sbj9,NaN
Sbj10,NaN
Sbj11,NaN
Sbj12,NaN
Sbj13,NaN
Sbj14,NaN
Sbj15,NaN
Sbj16,NaN
Sbj17,NaN
Sbj18,NaN
Sbj19,NaN
Sbj20,NaN
Sbj21,NaN
Sbj22,NaN
Sbj23,NaN
Sbj24,NaN
Sbj25,NaN
Sbj26,NaN
Sbj27,NaN
Sbj28,NaN
Sbj29,NaN
Sbj30,NaN
Sbj31,NaN
Sbj32,NaN
Sbj33,NaN
Sbj34,NaN
Sbj35,NaN
Sbj36,NaN
Sbj37,NaN
Sbj38,NaN
Sbj39,NaN
Sbj40,NaN
Sbj41,NaN
Sbj42,NaN
Sbj43,NaN
Sbj44,NaN
Sbj45,NaN
Sbj46,NaN
Sbj47,NaN
Sbj48,NaN
Sbj49,NaN
Sbj50,NaN
Sbj51,NaN
Sbj52,NaN
Sbj53,NaN
Sbj54,NaN
Sbj55,NaN
Sbj56,NaN
Sbj57,NaN
Sbj58,NaN
Sbj59,NaN
Sbj60,NaN
Sbj61,NaN
Sbj62,NaN
Sbj63,NaN
Sbj64,NaN
Sbj65,NaN
Sbj66,NaN
Sbj67,NaN
Sbj68,NaN
Sbj69,NaN
Sbj70,NaN
Sbj71,NaN
Sbj72,NaN
Sbj73,NaN
Sbj74,NaN
Sbj75,NaN
Sbj76,NaN
Sbj77,NaN
Sbj78,NaN
Sbj79,NaN
Sbj80,NaN
Sbj81,NaN
Sbj82,NaN
Sbj83,NaN
Sbj84,NaN
Sbj85,NaN
Sbj86,NaN
Sbj87,NaN
Sbj88,NaN
Sbj89,NaN
Sbj90,NaN
Sbj91,NaN
Sbj92,NaN
Sbj93,NaN
Sbj94,NaN
Sbj95,NaN
Sbj96,NaN
Sbj97,NaN
Sbj98,NaN
Sbj99,NaN
Sbj100,NaN
